id	x	y	z	batch	color
0-1	0	0	0	1	#A49B9F
100-2	100	100	100	1	#A49B9F
Sitdolorevelit.-0	329.4	-420.3	338.2	Sitdolorevelit.	#E1B305
Sitdolorevelit.-1	293.3	-376.5	411.7	Sitdolorevelit.	#E1B305
Sitdolorevelit.-2	357.9	-381.4	335.7	Sitdolorevelit.	#E1B305
Sitdolorevelit.-3	334.8	-383.7	317.3	Sitdolorevelit.	#E1B305
Sitdolorevelit.-4	348.4	-405.9	278.9	Sitdolorevelit.	#E1B305
Sitdolorevelit.-5	354.6	-430.4	351.6	Sitdolorevelit.	#E1B305
Sitdolorevelit.-6	335.2	-375.8	289.3	Sitdolorevelit.	#E1B305
Sitdolorevelit.-7	317.7	-407.5	350.6	Sitdolorevelit.	#E1B305
Sitdolorevelit.-8	338.7	-426.6	306.6	Sitdolorevelit.	#E1B305
Sitdolorevelit.-9	311.8	-419.1	320.3	Sitdolorevelit.	#E1B305
Sitdolorevelit.-10	342.3	-398.8	311.2	Sitdolorevelit.	#E1B305
Sitdolorevelit.-11	329.5	-402.8	368.3	Sitdolorevelit.	#E1B305
Sitdolorevelit.-12	332.7	-454.8	255.0	Sitdolorevelit.	#E1B305
Sitdolorevelit.-13	274.2	-340.8	333.6	Sitdolorevelit.	#E1B305
Sitdolorevelit.-14	362.5	-367.6	341.8	Sitdolorevelit.	#E1B305
Sitdolorevelit.-15	325.8	-453.1	339.7	Sitdolorevelit.	#E1B305
Sitdolorevelit.-16	377.1	-450.1	329.9	Sitdolorevelit.	#E1B305
Sitdolorevelit.-17	332.3	-420.3	350.5	Sitdolorevelit.	#E1B305
Sitdolorevelit.-18	336.9	-442.1	280.6	Sitdolorevelit.	#E1B305
Sitdolorevelit.-19	318.3	-423.2	314.2	Sitdolorevelit.	#E1B305
Sitdolorevelit.-20	322.5	-469.3	335.5	Sitdolorevelit.	#E1B305
Sitdolorevelit.-21	357.1	-406.5	354.8	Sitdolorevelit.	#E1B305
Sitdolorevelit.-22	334.2	-491.6	338.1	Sitdolorevelit.	#E1B305
Sitdolorevelit.-23	315.1	-418.0	293.9	Sitdolorevelit.	#E1B305
Sitdolorevelit.-24	326.9	-418.1	338.3	Sitdolorevelit.	#E1B305
Quisquamutaliquam.-0	-191.6	-255.4	-135.6	Quisquamutaliquam.	#A49B9F
Quisquamutaliquam.-1	-185.4	-202.9	-139.1	Quisquamutaliquam.	#A49B9F
Quisquamutaliquam.-2	-196.9	-252.1	-100.8	Quisquamutaliquam.	#A49B9F
Quisquamutaliquam.-3	-206.0	-234.2	-108.1	Quisquamutaliquam.	#A49B9F
Quisquamutaliquam.-4	-153.1	-219.8	-127.5	Quisquamutaliquam.	#A49B9F
Quisquamutaliquam.-5	-222.5	-258.2	-140.3	Quisquamutaliquam.	#A49B9F
Quisquamutaliquam.-6	-179.5	-201.4	-174.5	Quisquamutaliquam.	#A49B9F
Quisquamutaliquam.-7	-213.4	-246.4	-136.1	Quisquamutaliquam.	#A49B9F
Quisquamutaliquam.-8	-172.6	-210.1	-134.8	Quisquamutaliquam.	#A49B9F
Quisquamutaliquam.-9	-177.2	-282.0	-142.2	Quisquamutaliquam.	#A49B9F
Quisquamutaliquam.-10	-210.1	-233.7	-154.9	Quisquamutaliquam.	#A49B9F
Quisquamutaliquam.-11	-197.3	-264.1	-130.0	Quisquamutaliquam.	#A49B9F
Quisquamutaliquam.-12	-194.8	-298.3	-130.9	Quisquamutaliquam.	#A49B9F
Quisquamutaliquam.-13	-170.3	-251.4	-135.2	Quisquamutaliquam.	#A49B9F
Quisquamutaliquam.-14	-194.5	-238.2	-180.0	Quisquamutaliquam.	#A49B9F
Quisquamutaliquam.-15	-198.8	-236.2	-231.7	Quisquamutaliquam.	#A49B9F
Quisquamutaliquam.-16	-159.4	-272.9	-102.9	Quisquamutaliquam.	#A49B9F
Quisquamutaliquam.-17	-182.0	-242.9	-185.7	Quisquamutaliquam.	#A49B9F
Quisquamutaliquam.-18	-170.8	-266.8	-184.3	Quisquamutaliquam.	#A49B9F
Quisquamutaliquam.-19	-191.1	-254.8	-221.3	Quisquamutaliquam.	#A49B9F
Quisquamutaliquam.-20	-178.8	-255.0	-223.0	Quisquamutaliquam.	#A49B9F
Quisquamutaliquam.-21	-185.9	-246.9	-193.7	Quisquamutaliquam.	#A49B9F
Quisquamutaliquam.-22	-191.1	-232.7	-160.0	Quisquamutaliquam.	#A49B9F
Quisquamutaliquam.-23	-196.6	-238.1	-185.1	Quisquamutaliquam.	#A49B9F
Quisquamutaliquam.-24	-179.8	-267.2	-186.3	Quisquamutaliquam.	#A49B9F
Quisquamutaliquam.-25	-178.6	-238.3	-170.5	Quisquamutaliquam.	#A49B9F
Quisquamutaliquam.-26	-208.3	-205.6	-188.3	Quisquamutaliquam.	#A49B9F
Quisquamutaliquam.-27	-165.1	-260.0	-142.9	Quisquamutaliquam.	#A49B9F
Quisquamutaliquam.-28	-213.6	-229.5	-199.6	Quisquamutaliquam.	#A49B9F
Quisquamutaliquam.-29	-220.5	-237.1	-158.4	Quisquamutaliquam.	#A49B9F
Quisquamutaliquam.-30	-212.5	-224.7	-118.7	Quisquamutaliquam.	#A49B9F
Quisquamutaliquam.-31	-202.6	-230.3	-133.5	Quisquamutaliquam.	#A49B9F
Quisquamutaliquam.-32	-180.9	-266.5	-102.5	Quisquamutaliquam.	#A49B9F
Quisquamutaliquam.-33	-205.7	-231.6	-194.2	Quisquamutaliquam.	#A49B9F
Quisquamutaliquam.-34	-217.6	-229.6	-141.7	Quisquamutaliquam.	#A49B9F
Quisquamutaliquam.-35	-192.7	-278.7	-184.7	Quisquamutaliquam.	#A49B9F
Quisquamutaliquam.-36	-192.6	-212.1	-200.3	Quisquamutaliquam.	#A49B9F
Quisquamutaliquam.-37	-250.1	-239.9	-121.8	Quisquamutaliquam.	#A49B9F
Quisquamutaliquam.-38	-189.3	-226.6	-123.4	Quisquamutaliquam.	#A49B9F
Quisquamutaliquam.-39	-168.2	-220.7	-146.6	Quisquamutaliquam.	#A49B9F
Doloremdolor.-0	-398.0	-289.1	288.3	Doloremdolor.	#EDA534
Doloremdolor.-1	-390.3	-235.3	290.6	Doloremdolor.	#EDA534
Doloremdolor.-2	-361.5	-246.9	270.6	Doloremdolor.	#EDA534
Doloremdolor.-3	-341.1	-253.5	285.1	Doloremdolor.	#EDA534
Doloremdolor.-4	-336.0	-260.4	291.3	Doloremdolor.	#EDA534
Doloremdolor.-5	-436.6	-232.4	321.3	Doloremdolor.	#EDA534
Doloremdolor.-6	-361.3	-258.9	306.8	Doloremdolor.	#EDA534
Doloremdolor.-7	-363.7	-247.8	306.0	Doloremdolor.	#EDA534
Doloremdolor.-8	-374.9	-263.3	268.5	Doloremdolor.	#EDA534
Doloremdolor.-9	-424.3	-277.3	262.5	Doloremdolor.	#EDA534
Doloremdolor.-10	-353.1	-249.0	281.8	Doloremdolor.	#EDA534
Doloremdolor.-11	-410.4	-254.3	218.7	Doloremdolor.	#EDA534
Doloremdolor.-12	-385.1	-261.4	278.0	Doloremdolor.	#EDA534
Doloremdolor.-13	-363.4	-257.7	293.5	Doloremdolor.	#EDA534
Doloremdolor.-14	-411.5	-233.8	260.6	Doloremdolor.	#EDA534
Doloremdolor.-15	-440.2	-235.0	258.5	Doloremdolor.	#EDA534
Doloremdolor.-16	-405.8	-270.3	234.6	Doloremdolor.	#EDA534
Doloremdolor.-17	-375.8	-287.2	336.0	Doloremdolor.	#EDA534
Doloremdolor.-18	-398.8	-251.6	276.3	Doloremdolor.	#EDA534
Doloremdolor.-19	-339.7	-272.2	328.7	Doloremdolor.	#EDA534
Doloremdolor.-20	-382.6	-258.5	326.3	Doloremdolor.	#EDA534
Doloremdolor.-21	-407.3	-265.0	274.1	Doloremdolor.	#EDA534
Doloremdolor.-22	-361.2	-226.4	255.5	Doloremdolor.	#EDA534
Doloremdolor.-23	-395.2	-271.6	269.3	Doloremdolor.	#EDA534
Doloremdolor.-24	-370.1	-256.1	315.1	Doloremdolor.	#EDA534
Doloremdolor.-25	-370.2	-266.0	234.6	Doloremdolor.	#EDA534
Dolorenon.-0	211.6	224.7	315.5	Dolorenon.	#1952A4
Dolorenon.-1	100.4	205.6	279.6	Dolorenon.	#1952A4
Dolorenon.-2	89.4	203.3	276.9	Dolorenon.	#1952A4
Dolorenon.-3	121.9	202.9	352.3	Dolorenon.	#1952A4
Dolorenon.-4	143.9	197.7	297.0	Dolorenon.	#1952A4
Dolorenon.-5	199.0	223.6	294.4	Dolorenon.	#1952A4
Dolorenon.-6	104.3	223.5	306.7	Dolorenon.	#1952A4
Dolorenon.-7	91.2	211.9	312.1	Dolorenon.	#1952A4
Dolorenon.-8	135.1	172.5	297.5	Dolorenon.	#1952A4
Dolorenon.-9	153.5	215.7	302.9	Dolorenon.	#1952A4
Dolorenon.-10	216.5	241.5	320.8	Dolorenon.	#1952A4
Dolorenon.-11	188.1	247.6	303.9	Dolorenon.	#1952A4
Dolorenon.-12	137.5	216.5	313.8	Dolorenon.	#1952A4
Dolorenon.-13	102.9	214.5	285.1	Dolorenon.	#1952A4
Dolorenon.-14	120.2	199.1	306.5	Dolorenon.	#1952A4
Dolorenon.-15	198.8	227.9	324.9	Dolorenon.	#1952A4
Dolorenon.-16	149.9	191.1	320.1	Dolorenon.	#1952A4
Dolorenon.-17	143.7	203.5	300.0	Dolorenon.	#1952A4
Dolorenon.-18	128.4	207.4	329.0	Dolorenon.	#1952A4
Dolorenon.-19	121.1	215.6	282.9	Dolorenon.	#1952A4
Dolorenon.-20	157.5	206.2	343.4	Dolorenon.	#1952A4
Dolorenon.-21	131.1	227.8	309.4	Dolorenon.	#1952A4
Dolorenon.-22	94.5	225.8	319.3	Dolorenon.	#1952A4
Dolorenon.-23	152.5	225.2	308.6	Dolorenon.	#1952A4
Dolorenon.-24	122.3	216.9	265.2	Dolorenon.	#1952A4
Dolorenon.-25	125.1	195.6	312.3	Dolorenon.	#1952A4
Dolorenon.-26	139.3	213.9	254.7	Dolorenon.	#1952A4
Dolorenon.-27	130.8	212.2	274.0	Dolorenon.	#1952A4
Dolorenon.-28	141.0	232.0	295.6	Dolorenon.	#1952A4
Dolorenon.-29	127.3	198.6	296.0	Dolorenon.	#1952A4
Dolorenon.-30	153.7	221.9	304.5	Dolorenon.	#1952A4
Dolorenon.-31	110.9	239.9	321.3	Dolorenon.	#1952A4
Dolorenon.-32	143.9	228.2	293.0	Dolorenon.	#1952A4
Dolorenon.-33	170.5	198.4	301.1	Dolorenon.	#1952A4
Dolorenon.-34	170.3	209.2	310.7	Dolorenon.	#1952A4
Dolorenon.-35	175.3	210.1	292.1	Dolorenon.	#1952A4
Dolorenon.-36	127.6	219.7	301.0	Dolorenon.	#1952A4
Dolorenon.-37	130.0	193.5	321.2	Dolorenon.	#1952A4
Dolorenon.-38	127.2	193.2	266.0	Dolorenon.	#1952A4
Dolorenon.-39	187.9	207.0	285.3	Dolorenon.	#1952A4
Dolorenon.-40	175.7	207.8	318.2	Dolorenon.	#1952A4
Dolorenon.-41	136.3	220.2	260.7	Dolorenon.	#1952A4
Dolorenon.-42	154.4	243.5	328.8	Dolorenon.	#1952A4
Numquamnequelabore.-0	-183.7	364.9	-173.8	Numquamnequelabore.	#2182A2
Numquamnequelabore.-1	-160.3	377.5	-183.2	Numquamnequelabore.	#2182A2
Numquamnequelabore.-2	-180.1	382.5	-144.3	Numquamnequelabore.	#2182A2
Numquamnequelabore.-3	-140.3	389.7	-133.8	Numquamnequelabore.	#2182A2
Numquamnequelabore.-4	-140.2	406.1	-172.3	Numquamnequelabore.	#2182A2
Numquamnequelabore.-5	-122.5	395.6	-167.1	Numquamnequelabore.	#2182A2
Numquamnequelabore.-6	-175.0	392.9	-128.8	Numquamnequelabore.	#2182A2
Numquamnequelabore.-7	-126.1	388.6	-146.6	Numquamnequelabore.	#2182A2
Numquamnequelabore.-8	-141.5	390.6	-138.9	Numquamnequelabore.	#2182A2
Numquamnequelabore.-9	-200.1	357.1	-144.4	Numquamnequelabore.	#2182A2
Numquamnequelabore.-10	-162.0	360.6	-177.2	Numquamnequelabore.	#2182A2
Numquamnequelabore.-11	-186.7	361.9	-177.5	Numquamnequelabore.	#2182A2
Numquamnequelabore.-12	-117.1	428.0	-176.5	Numquamnequelabore.	#2182A2
Numquamnequelabore.-13	-180.9	429.4	-166.8	Numquamnequelabore.	#2182A2
Numquamnequelabore.-14	-172.9	340.4	-161.5	Numquamnequelabore.	#2182A2
Numquamnequelabore.-15	-160.7	384.8	-165.8	Numquamnequelabore.	#2182A2
Numquamnequelabore.-16	-178.3	399.3	-140.7	Numquamnequelabore.	#2182A2
Numquamnequelabore.-17	-200.3	294.8	-145.4	Numquamnequelabore.	#2182A2
Numquamnequelabore.-18	-137.1	402.5	-124.1	Numquamnequelabore.	#2182A2
Numquamnequelabore.-19	-97.8	364.3	-131.6	Numquamnequelabore.	#2182A2
Numquamnequelabore.-20	-176.4	386.1	-185.9	Numquamnequelabore.	#2182A2
Sitvelit.-0	-355.7	-469.1	424.4	Sitvelit.	#826BCF
Sitvelit.-1	-320.8	-488.4	413.1	Sitvelit.	#826BCF
Sitvelit.-2	-281.0	-443.3	425.6	Sitvelit.	#826BCF
Sitvelit.-3	-275.8	-521.6	426.6	Sitvelit.	#826BCF
Sitvelit.-4	-269.7	-439.5	423.8	Sitvelit.	#826BCF
Sitvelit.-5	-280.0	-474.8	404.2	Sitvelit.	#826BCF
Sitvelit.-6	-323.2	-462.0	401.1	Sitvelit.	#826BCF
Sitvelit.-7	-291.4	-510.4	415.4	Sitvelit.	#826BCF
Sitvelit.-8	-331.4	-453.8	382.5	Sitvelit.	#826BCF
Sitvelit.-9	-262.3	-421.5	409.4	Sitvelit.	#826BCF
Sitvelit.-10	-278.3	-434.3	432.8	Sitvelit.	#826BCF
Sitvelit.-11	-282.9	-464.1	393.6	Sitvelit.	#826BCF
Sitvelit.-12	-309.9	-492.8	428.5	Sitvelit.	#826BCF
Sitvelit.-13	-242.0	-429.7	421.3	Sitvelit.	#826BCF
Sitvelit.-14	-287.8	-500.5	394.0	Sitvelit.	#826BCF
Sitvelit.-15	-301.7	-477.9	403.3	Sitvelit.	#826BCF
Sitvelit.-16	-267.9	-532.8	416.8	Sitvelit.	#826BCF
Sitvelit.-17	-308.4	-511.6	435.1	Sitvelit.	#826BCF
Sitvelit.-18	-322.1	-441.5	414.3	Sitvelit.	#826BCF
Sitvelit.-19	-251.2	-468.2	411.9	Sitvelit.	#826BCF
Sitvelit.-20	-268.5	-453.8	419.4	Sitvelit.	#826BCF
Sitvelit.-21	-304.3	-527.8	421.9	Sitvelit.	#826BCF
Sitvelit.-22	-288.9	-431.6	424.5	Sitvelit.	#826BCF
Sitvelit.-23	-262.9	-426.3	434.8	Sitvelit.	#826BCF
Sitvelit.-24	-235.1	-411.5	420.9	Sitvelit.	#826BCF
Sitvelit.-25	-278.8	-467.8	396.9	Sitvelit.	#826BCF
Sitvelit.-26	-280.0	-466.9	408.5	Sitvelit.	#826BCF
Sitvelit.-27	-299.2	-464.8	405.0	Sitvelit.	#826BCF
Sitvelit.-28	-315.6	-491.1	431.2	Sitvelit.	#826BCF
Sitvelit.-29	-280.9	-497.2	401.9	Sitvelit.	#826BCF
Sitvelit.-30	-310.2	-460.1	411.3	Sitvelit.	#826BCF
Sitvelit.-31	-278.3	-450.2	416.6	Sitvelit.	#826BCF
Sitvelit.-32	-271.0	-482.8	406.6	Sitvelit.	#826BCF
Doloremetincidunt.-0	-368.8	-247.0	-178.1	Doloremetincidunt.	#0BE187
Doloremetincidunt.-1	-443.7	-231.1	-104.7	Doloremetincidunt.	#0BE187
Doloremetincidunt.-2	-404.9	-266.0	-148.6	Doloremetincidunt.	#0BE187
Doloremetincidunt.-3	-452.3	-256.5	-85.6	Doloremetincidunt.	#0BE187
Doloremetincidunt.-4	-442.3	-221.0	-129.9	Doloremetincidunt.	#0BE187
Doloremetincidunt.-5	-437.4	-231.2	-105.6	Doloremetincidunt.	#0BE187
Doloremetincidunt.-6	-421.7	-241.6	-162.0	Doloremetincidunt.	#0BE187
Doloremetincidunt.-7	-370.9	-255.3	-56.1	Doloremetincidunt.	#0BE187
Doloremetincidunt.-8	-433.5	-277.8	-34.5	Doloremetincidunt.	#0BE187
Doloremetincidunt.-9	-405.7	-238.0	-105.4	Doloremetincidunt.	#0BE187
Doloremetincidunt.-10	-414.2	-243.7	-115.6	Doloremetincidunt.	#0BE187
Doloremetincidunt.-11	-439.0	-253.0	-162.2	Doloremetincidunt.	#0BE187
Doloremetincidunt.-12	-426.3	-243.8	-106.2	Doloremetincidunt.	#0BE187
Doloremetincidunt.-13	-408.4	-240.4	-102.7	Doloremetincidunt.	#0BE187
Doloremetincidunt.-14	-427.4	-247.8	-131.2	Doloremetincidunt.	#0BE187
Doloremetincidunt.-15	-381.4	-265.4	-116.0	Doloremetincidunt.	#0BE187
Doloremetincidunt.-16	-397.5	-267.6	-90.8	Doloremetincidunt.	#0BE187
Doloremetincidunt.-17	-390.4	-260.2	-75.3	Doloremetincidunt.	#0BE187
Doloremetincidunt.-18	-405.7	-256.7	-156.6	Doloremetincidunt.	#0BE187
Doloremetincidunt.-19	-397.9	-231.3	-106.4	Doloremetincidunt.	#0BE187
Doloremetincidunt.-20	-408.2	-255.4	-153.1	Doloremetincidunt.	#0BE187
Doloremetincidunt.-21	-416.1	-247.9	-46.9	Doloremetincidunt.	#0BE187
Doloremetincidunt.-22	-440.4	-249.1	-134.2	Doloremetincidunt.	#0BE187
Doloremetincidunt.-23	-389.2	-276.2	-151.0	Doloremetincidunt.	#0BE187
Doloremetincidunt.-24	-394.3	-250.1	-89.7	Doloremetincidunt.	#0BE187
Doloremetincidunt.-25	-399.9	-221.6	-116.5	Doloremetincidunt.	#0BE187
Doloremetincidunt.-26	-382.7	-231.0	-110.6	Doloremetincidunt.	#0BE187
Doloremetincidunt.-27	-395.5	-228.7	-97.0	Doloremetincidunt.	#0BE187
Doloremetincidunt.-28	-412.0	-258.5	-128.9	Doloremetincidunt.	#0BE187
Doloremetincidunt.-29	-395.5	-249.2	-111.1	Doloremetincidunt.	#0BE187
Doloremetincidunt.-30	-410.4	-245.5	-98.6	Doloremetincidunt.	#0BE187
Doloremetincidunt.-31	-425.8	-204.0	-117.8	Doloremetincidunt.	#0BE187
Doloremetincidunt.-32	-403.1	-243.6	-123.7	Doloremetincidunt.	#0BE187
Doloremetincidunt.-33	-421.1	-215.5	-178.5	Doloremetincidunt.	#0BE187
Doloremetincidunt.-34	-420.3	-238.1	-91.4	Doloremetincidunt.	#0BE187
Doloremetincidunt.-35	-400.4	-271.3	-133.3	Doloremetincidunt.	#0BE187
Doloremetincidunt.-36	-411.8	-201.4	-114.1	Doloremetincidunt.	#0BE187
Doloremetincidunt.-37	-397.9	-257.5	-88.5	Doloremetincidunt.	#0BE187
Doloremetincidunt.-38	-405.8	-259.1	-151.2	Doloremetincidunt.	#0BE187
Doloremetincidunt.-39	-410.1	-272.0	-75.2	Doloremetincidunt.	#0BE187
Doloremetincidunt.-40	-434.6	-249.7	-167.4	Doloremetincidunt.	#0BE187
Quiquiadolor.-0	-254.8	63.3	379.0	Quiquiadolor.	#BE955B
Quiquiadolor.-1	-311.1	40.2	379.5	Quiquiadolor.	#BE955B
Quiquiadolor.-2	-287.1	45.4	377.3	Quiquiadolor.	#BE955B
Quiquiadolor.-3	-269.4	78.1	383.3	Quiquiadolor.	#BE955B
Quiquiadolor.-4	-240.4	49.3	451.3	Quiquiadolor.	#BE955B
Quiquiadolor.-5	-273.2	33.5	399.5	Quiquiadolor.	#BE955B
Quiquiadolor.-6	-281.8	59.5	445.2	Quiquiadolor.	#BE955B
Quiquiadolor.-7	-278.8	47.3	326.6	Quiquiadolor.	#BE955B
Quiquiadolor.-8	-320.6	77.2	372.9	Quiquiadolor.	#BE955B
Quiquiadolor.-9	-308.8	56.0	379.1	Quiquiadolor.	#BE955B
Quiquiadolor.-10	-243.6	33.0	362.0	Quiquiadolor.	#BE955B
Quiquiadolor.-11	-274.1	52.4	344.1	Quiquiadolor.	#BE955B
Quiquiadolor.-12	-252.0	40.0	381.7	Quiquiadolor.	#BE955B
Quiquiadolor.-13	-278.6	66.5	367.3	Quiquiadolor.	#BE955B
Quiquiadolor.-14	-219.6	27.5	360.5	Quiquiadolor.	#BE955B
Quiquiadolor.-15	-276.1	28.8	345.0	Quiquiadolor.	#BE955B
Quiquiadolor.-16	-256.4	53.5	329.9	Quiquiadolor.	#BE955B
Quiquiadolor.-17	-262.9	81.6	451.0	Quiquiadolor.	#BE955B
Quiquiadolor.-18	-271.9	42.3	404.4	Quiquiadolor.	#BE955B
Quiquiadolor.-19	-297.7	58.9	407.4	Quiquiadolor.	#BE955B
Quiquiadolor.-20	-262.9	17.7	375.7	Quiquiadolor.	#BE955B
Quiquiadolor.-21	-283.9	6.2	362.7	Quiquiadolor.	#BE955B
Quiquiadolor.-22	-302.8	12.4	434.8	Quiquiadolor.	#BE955B
Nonnequedolore.-0	368.6	-147.0	-491.1	Nonnequedolore.	#C5C6F5
Nonnequedolore.-1	370.4	-149.8	-426.2	Nonnequedolore.	#C5C6F5
Nonnequedolore.-2	417.0	-175.7	-438.7	Nonnequedolore.	#C5C6F5
Nonnequedolore.-3	413.7	-170.6	-389.4	Nonnequedolore.	#C5C6F5
Nonnequedolore.-4	426.7	-161.8	-460.0	Nonnequedolore.	#C5C6F5
Nonnequedolore.-5	431.2	-177.0	-518.2	Nonnequedolore.	#C5C6F5
Nonnequedolore.-6	418.9	-182.3	-480.7	Nonnequedolore.	#C5C6F5
Nonnequedolore.-7	409.7	-197.5	-483.1	Nonnequedolore.	#C5C6F5
Nonnequedolore.-8	394.1	-174.0	-461.3	Nonnequedolore.	#C5C6F5
Nonnequedolore.-9	391.5	-159.1	-465.5	Nonnequedolore.	#C5C6F5
Nonnequedolore.-10	420.9	-193.9	-439.0	Nonnequedolore.	#C5C6F5
Nonnequedolore.-11	380.7	-156.6	-403.6	Nonnequedolore.	#C5C6F5
Nonnequedolore.-12	374.6	-166.5	-449.3	Nonnequedolore.	#C5C6F5
Nonnequedolore.-13	389.5	-200.0	-421.5	Nonnequedolore.	#C5C6F5
Nonnequedolore.-14	393.6	-170.2	-408.3	Nonnequedolore.	#C5C6F5
Nonnequedolore.-15	352.5	-209.3	-491.1	Nonnequedolore.	#C5C6F5
Nonnequedolore.-16	375.5	-129.2	-449.0	Nonnequedolore.	#C5C6F5
Nonnequedolore.-17	390.1	-160.7	-490.1	Nonnequedolore.	#C5C6F5
Nonnequedolore.-18	400.3	-154.5	-393.3	Nonnequedolore.	#C5C6F5
Nonnequedolore.-19	340.5	-197.2	-448.7	Nonnequedolore.	#C5C6F5
Nonnequedolore.-20	411.0	-152.2	-453.0	Nonnequedolore.	#C5C6F5
Nonnequedolore.-21	377.4	-205.4	-472.3	Nonnequedolore.	#C5C6F5
Nonnequedolore.-22	411.4	-153.4	-485.0	Nonnequedolore.	#C5C6F5
Dolorequiquiasit.-0	267.6	183.7	129.4	Dolorequiquiasit.	#A047C4
Dolorequiquiasit.-1	265.3	204.0	99.4	Dolorequiquiasit.	#A047C4
Dolorequiquiasit.-2	274.8	156.5	132.7	Dolorequiquiasit.	#A047C4
Dolorequiquiasit.-3	257.0	173.7	130.0	Dolorequiquiasit.	#A047C4
Dolorequiquiasit.-4	226.9	140.0	88.9	Dolorequiquiasit.	#A047C4
Dolorequiquiasit.-5	297.5	140.2	154.0	Dolorequiquiasit.	#A047C4
Dolorequiquiasit.-6	253.9	158.3	109.7	Dolorequiquiasit.	#A047C4
Dolorequiquiasit.-7	228.9	178.6	155.6	Dolorequiquiasit.	#A047C4
Dolorequiquiasit.-8	322.7	168.6	115.0	Dolorequiquiasit.	#A047C4
Dolorequiquiasit.-9	264.8	151.8	101.8	Dolorequiquiasit.	#A047C4
Dolorequiquiasit.-10	285.1	160.3	128.8	Dolorequiquiasit.	#A047C4
Dolorequiquiasit.-11	266.0	132.3	131.4	Dolorequiquiasit.	#A047C4
Dolorequiquiasit.-12	244.1	177.1	86.1	Dolorequiquiasit.	#A047C4
Dolorequiquiasit.-13	271.8	198.7	98.9	Dolorequiquiasit.	#A047C4
Dolorequiquiasit.-14	246.2	198.8	85.0	Dolorequiquiasit.	#A047C4
Dolorequiquiasit.-15	266.4	226.6	101.5	Dolorequiquiasit.	#A047C4
Dolorequiquiasit.-16	252.2	141.3	129.3	Dolorequiquiasit.	#A047C4
Dolorequiquiasit.-17	279.3	218.5	152.0	Dolorequiquiasit.	#A047C4
Dolorequiquiasit.-18	271.6	159.1	106.6	Dolorequiquiasit.	#A047C4
Dolorequiquiasit.-19	199.3	165.3	85.2	Dolorequiquiasit.	#A047C4
Dolorequiquiasit.-20	201.0	156.4	112.2	Dolorequiquiasit.	#A047C4
Dolorequiquiasit.-21	298.8	187.9	156.9	Dolorequiquiasit.	#A047C4
Dolorequiquiasit.-22	281.6	200.0	116.9	Dolorequiquiasit.	#A047C4
Dolorequiquiasit.-23	258.0	174.8	78.1	Dolorequiquiasit.	#A047C4
Dolorequiquiasit.-24	238.1	154.5	104.2	Dolorequiquiasit.	#A047C4
Etinciduntut.-0	-397.0	9.9	-161.3	Etinciduntut.	#0A83E4
Etinciduntut.-1	-404.7	-50.9	-261.7	Etinciduntut.	#0A83E4
Etinciduntut.-2	-470.6	15.8	-170.3	Etinciduntut.	#0A83E4
Etinciduntut.-3	-472.7	10.3	-161.9	Etinciduntut.	#0A83E4
Etinciduntut.-4	-457.6	45.6	-161.0	Etinciduntut.	#0A83E4
Etinciduntut.-5	-439.0	-6.4	-240.9	Etinciduntut.	#0A83E4
Etinciduntut.-6	-429.2	4.9	-179.8	Etinciduntut.	#0A83E4
Etinciduntut.-7	-386.2	20.1	-184.8	Etinciduntut.	#0A83E4
Etinciduntut.-8	-405.6	28.1	-180.1	Etinciduntut.	#0A83E4
Etinciduntut.-9	-461.3	27.5	-192.7	Etinciduntut.	#0A83E4
Etinciduntut.-10	-445.9	20.7	-213.5	Etinciduntut.	#0A83E4
Etinciduntut.-11	-402.0	-27.1	-157.8	Etinciduntut.	#0A83E4
Etinciduntut.-12	-383.7	90.1	-182.3	Etinciduntut.	#0A83E4
Etinciduntut.-13	-416.1	70.4	-170.4	Etinciduntut.	#0A83E4
Etinciduntut.-14	-429.2	61.5	-150.5	Etinciduntut.	#0A83E4
Etinciduntut.-15	-438.2	76.4	-138.1	Etinciduntut.	#0A83E4
Etinciduntut.-16	-416.0	-7.4	-98.3	Etinciduntut.	#0A83E4
Etinciduntut.-17	-449.4	15.0	-145.9	Etinciduntut.	#0A83E4
Etinciduntut.-18	-474.8	-16.2	-214.2	Etinciduntut.	#0A83E4
Etinciduntut.-19	-449.2	32.9	-180.3	Etinciduntut.	#0A83E4
Etinciduntut.-20	-477.7	4.2	-217.6	Etinciduntut.	#0A83E4
Etinciduntut.-21	-398.6	31.9	-165.7	Etinciduntut.	#0A83E4
Etinciduntut.-22	-403.1	10.0	-218.7	Etinciduntut.	#0A83E4
Etinciduntut.-23	-361.9	-45.2	-203.7	Etinciduntut.	#0A83E4
Etinciduntut.-24	-400.9	-11.2	-189.4	Etinciduntut.	#0A83E4
Etinciduntut.-25	-426.6	84.2	-224.5	Etinciduntut.	#0A83E4
Etinciduntut.-26	-427.3	66.8	-154.7	Etinciduntut.	#0A83E4
Etinciduntut.-27	-443.6	21.2	-172.6	Etinciduntut.	#0A83E4
Etinciduntut.-28	-446.3	25.1	-193.4	Etinciduntut.	#0A83E4
Etinciduntut.-29	-425.9	0.7	-187.8	Etinciduntut.	#0A83E4
Etinciduntut.-30	-429.8	22.1	-92.0	Etinciduntut.	#0A83E4
Etinciduntut.-31	-425.4	39.2	-178.8	Etinciduntut.	#0A83E4
Etinciduntut.-32	-466.8	-3.9	-145.5	Etinciduntut.	#0A83E4
Etinciduntut.-33	-411.8	15.5	-164.4	Etinciduntut.	#0A83E4
Etinciduntut.-34	-437.1	68.6	-150.5	Etinciduntut.	#0A83E4
Etinciduntut.-35	-402.1	23.4	-199.2	Etinciduntut.	#0A83E4
Etinciduntut.-36	-437.2	14.1	-205.9	Etinciduntut.	#0A83E4
Aliquamporroporro.-0	220.7	98.9	134.7	Aliquamporroporro.	#1156BB
Aliquamporroporro.-1	268.2	115.0	89.0	Aliquamporroporro.	#1156BB
Aliquamporroporro.-2	219.7	94.3	95.7	Aliquamporroporro.	#1156BB
Aliquamporroporro.-3	274.3	121.5	147.9	Aliquamporroporro.	#1156BB
Aliquamporroporro.-4	218.0	134.9	123.0	Aliquamporroporro.	#1156BB
Aliquamporroporro.-5	235.2	117.2	173.2	Aliquamporroporro.	#1156BB
Aliquamporroporro.-6	274.5	67.2	229.2	Aliquamporroporro.	#1156BB
Aliquamporroporro.-7	226.8	106.0	161.0	Aliquamporroporro.	#1156BB
Aliquamporroporro.-8	292.5	51.9	141.8	Aliquamporroporro.	#1156BB
Aliquamporroporro.-9	227.0	28.8	171.6	Aliquamporroporro.	#1156BB
Aliquamporroporro.-10	273.0	43.0	142.5	Aliquamporroporro.	#1156BB
Aliquamporroporro.-11	244.1	109.4	103.4	Aliquamporroporro.	#1156BB
Aliquamporroporro.-12	271.6	64.7	161.4	Aliquamporroporro.	#1156BB
Aliquamporroporro.-13	262.9	111.3	184.3	Aliquamporroporro.	#1156BB
Aliquamporroporro.-14	270.2	66.3	201.2	Aliquamporroporro.	#1156BB
Aliquamporroporro.-15	245.3	110.0	212.7	Aliquamporroporro.	#1156BB
Aliquamporroporro.-16	279.8	129.0	70.5	Aliquamporroporro.	#1156BB
Aliquamporroporro.-17	256.3	74.0	203.6	Aliquamporroporro.	#1156BB
Aliquamporroporro.-18	298.6	53.4	148.5	Aliquamporroporro.	#1156BB
Aliquamporroporro.-19	282.6	73.2	126.6	Aliquamporroporro.	#1156BB
Aliquamporroporro.-20	278.4	103.2	184.1	Aliquamporroporro.	#1156BB
Aliquamporroporro.-21	235.1	40.7	154.2	Aliquamporroporro.	#1156BB
Aliquamporroporro.-22	266.8	83.7	123.7	Aliquamporroporro.	#1156BB
Aliquamporroporro.-23	317.8	104.8	118.7	Aliquamporroporro.	#1156BB
Aliquamporroporro.-24	257.8	81.7	195.1	Aliquamporroporro.	#1156BB
Aliquamporroporro.-25	239.4	74.3	177.4	Aliquamporroporro.	#1156BB
Aliquamporroporro.-26	296.4	58.5	145.3	Aliquamporroporro.	#1156BB
Aliquamporroporro.-27	233.9	71.6	177.4	Aliquamporroporro.	#1156BB
Aliquamporroporro.-28	257.1	143.9	103.3	Aliquamporroporro.	#1156BB
Aliquamporroporro.-29	230.5	74.0	110.1	Aliquamporroporro.	#1156BB
Aliquamporroporro.-30	254.4	117.2	179.7	Aliquamporroporro.	#1156BB
Aliquamporroporro.-31	252.9	97.2	114.3	Aliquamporroporro.	#1156BB
Aliquamporroporro.-32	262.6	77.2	179.6	Aliquamporroporro.	#1156BB
Aliquamporroporro.-33	210.0	57.5	121.5	Aliquamporroporro.	#1156BB
Aliquamporroporro.-34	207.5	49.0	159.0	Aliquamporroporro.	#1156BB
Aliquamporroporro.-35	242.2	92.9	157.3	Aliquamporroporro.	#1156BB
Aliquamporroporro.-36	254.5	49.8	145.4	Aliquamporroporro.	#1156BB
Aliquamporroporro.-37	244.2	143.6	148.0	Aliquamporroporro.	#1156BB
Aliquamporroporro.-38	284.8	105.5	118.0	Aliquamporroporro.	#1156BB
Aliquamporroporro.-39	236.8	40.9	34.4	Aliquamporroporro.	#1156BB
Aliquamporroporro.-40	212.1	94.0	217.9	Aliquamporroporro.	#1156BB
Aliquamporroporro.-41	244.8	131.2	133.5	Aliquamporroporro.	#1156BB
Aliquamporroporro.-42	254.7	95.9	128.2	Aliquamporroporro.	#1156BB
Aliquamporroporro.-43	202.8	108.2	108.8	Aliquamporroporro.	#1156BB
Aliquamporroporro.-44	267.1	109.8	161.9	Aliquamporroporro.	#1156BB
Dolornequetempora.-0	-510.2	455.7	-289.3	Dolornequetempora.	#967562
Dolornequetempora.-1	-446.8	504.1	-240.3	Dolornequetempora.	#967562
Dolornequetempora.-2	-502.8	428.6	-289.5	Dolornequetempora.	#967562
Dolornequetempora.-3	-455.3	421.5	-249.6	Dolornequetempora.	#967562
Dolornequetempora.-4	-487.1	425.9	-245.8	Dolornequetempora.	#967562
Dolornequetempora.-5	-452.9	473.9	-239.9	Dolornequetempora.	#967562
Dolornequetempora.-6	-457.3	443.4	-267.7	Dolornequetempora.	#967562
Dolornequetempora.-7	-434.0	462.7	-244.4	Dolornequetempora.	#967562
Dolornequetempora.-8	-504.4	426.1	-205.9	Dolornequetempora.	#967562
Dolornequetempora.-9	-466.0	400.1	-254.5	Dolornequetempora.	#967562
Dolornequetempora.-10	-438.9	427.8	-236.9	Dolornequetempora.	#967562
Dolornequetempora.-11	-482.9	477.2	-235.2	Dolornequetempora.	#967562
Dolornequetempora.-12	-448.8	439.3	-292.5	Dolornequetempora.	#967562
Dolornequetempora.-13	-470.0	427.4	-258.9	Dolornequetempora.	#967562
Dolornequetempora.-14	-483.6	432.7	-281.4	Dolornequetempora.	#967562
Dolornequetempora.-15	-463.5	404.0	-194.2	Dolornequetempora.	#967562
Dolornequetempora.-16	-458.3	411.0	-258.6	Dolornequetempora.	#967562
Dolornequetempora.-17	-455.6	435.9	-227.5	Dolornequetempora.	#967562
Dolornequetempora.-18	-499.1	395.4	-208.3	Dolornequetempora.	#967562
Dolornequetempora.-19	-458.6	425.5	-197.8	Dolornequetempora.	#967562
Dolornequetempora.-20	-449.0	423.0	-230.0	Dolornequetempora.	#967562
Dolornequetempora.-21	-438.1	422.2	-277.0	Dolornequetempora.	#967562
Dolornequetempora.-22	-490.6	405.4	-194.3	Dolornequetempora.	#967562
Dolornequetempora.-23	-463.3	414.9	-240.8	Dolornequetempora.	#967562
Dolornequetempora.-24	-486.4	461.6	-256.0	Dolornequetempora.	#967562
Dolornequetempora.-25	-461.6	437.7	-265.0	Dolornequetempora.	#967562
Dolornequetempora.-26	-465.3	476.8	-267.9	Dolornequetempora.	#967562
Dolornequetempora.-27	-474.0	434.4	-246.7	Dolornequetempora.	#967562
Dolornequetempora.-28	-439.3	432.3	-246.1	Dolornequetempora.	#967562
Dolornequetempora.-29	-468.8	421.3	-240.4	Dolornequetempora.	#967562
Dolornequetempora.-30	-469.8	448.6	-275.5	Dolornequetempora.	#967562
Dolornequetempora.-31	-417.3	402.0	-264.0	Dolornequetempora.	#967562
Dolornequetempora.-32	-449.8	419.2	-250.8	Dolornequetempora.	#967562
Dolornequetempora.-33	-458.5	437.7	-275.6	Dolornequetempora.	#967562
Dolornequetempora.-34	-443.1	432.2	-249.2	Dolornequetempora.	#967562
Dolornequetempora.-35	-469.3	420.4	-250.6	Dolornequetempora.	#967562
Dolornequetempora.-36	-467.2	403.5	-233.4	Dolornequetempora.	#967562
Dolornequetempora.-37	-482.9	391.3	-287.3	Dolornequetempora.	#967562
Dolornequetempora.-38	-425.2	424.8	-251.5	Dolornequetempora.	#967562
Dolornequetempora.-39	-433.0	418.9	-249.9	Dolornequetempora.	#967562
Dolornequetempora.-40	-456.3	436.4	-213.3	Dolornequetempora.	#967562
Dolornequetempora.-41	-452.6	453.7	-247.6	Dolornequetempora.	#967562
Dolornequetempora.-42	-434.8	428.0	-237.6	Dolornequetempora.	#967562
Dolornequetempora.-43	-479.0	440.0	-242.3	Dolornequetempora.	#967562
Dolornequetempora.-44	-446.2	362.9	-240.3	Dolornequetempora.	#967562
Dolornequetempora.-45	-425.7	456.2	-270.3	Dolornequetempora.	#967562
Dolornequetempora.-46	-444.0	372.9	-249.2	Dolornequetempora.	#967562
Dolornequetempora.-47	-436.4	421.3	-248.6	Dolornequetempora.	#967562
Modiconsecteturtempora.-0	140.6	110.3	214.7	Modiconsecteturtempora.	#D3639E
Modiconsecteturtempora.-1	57.1	80.7	263.8	Modiconsecteturtempora.	#D3639E
Modiconsecteturtempora.-2	52.2	100.7	230.5	Modiconsecteturtempora.	#D3639E
Modiconsecteturtempora.-3	96.8	68.0	231.6	Modiconsecteturtempora.	#D3639E
Modiconsecteturtempora.-4	108.5	77.8	185.3	Modiconsecteturtempora.	#D3639E
Modiconsecteturtempora.-5	38.2	84.2	268.1	Modiconsecteturtempora.	#D3639E
Modiconsecteturtempora.-6	92.5	108.0	196.1	Modiconsecteturtempora.	#D3639E
Modiconsecteturtempora.-7	63.0	92.6	188.9	Modiconsecteturtempora.	#D3639E
Modiconsecteturtempora.-8	56.8	122.0	255.8	Modiconsecteturtempora.	#D3639E
Modiconsecteturtempora.-9	79.8	110.3	228.4	Modiconsecteturtempora.	#D3639E
Modiconsecteturtempora.-10	103.7	95.1	296.8	Modiconsecteturtempora.	#D3639E
Modiconsecteturtempora.-11	84.4	118.2	248.9	Modiconsecteturtempora.	#D3639E
Modiconsecteturtempora.-12	48.3	82.3	241.3	Modiconsecteturtempora.	#D3639E
Modiconsecteturtempora.-13	110.1	84.8	246.5	Modiconsecteturtempora.	#D3639E
Modiconsecteturtempora.-14	74.3	90.9	229.8	Modiconsecteturtempora.	#D3639E
Modiconsecteturtempora.-15	76.4	112.3	220.6	Modiconsecteturtempora.	#D3639E
Modiconsecteturtempora.-16	113.3	77.9	268.7	Modiconsecteturtempora.	#D3639E
Modiconsecteturtempora.-17	57.2	80.7	199.6	Modiconsecteturtempora.	#D3639E
Modiconsecteturtempora.-18	115.2	108.1	266.2	Modiconsecteturtempora.	#D3639E
Modiconsecteturtempora.-19	75.9	78.8	224.1	Modiconsecteturtempora.	#D3639E
Modiconsecteturtempora.-20	128.5	92.2	211.3	Modiconsecteturtempora.	#D3639E
Modiconsecteturtempora.-21	39.0	99.9	224.1	Modiconsecteturtempora.	#D3639E
Modiconsecteturtempora.-22	49.8	123.3	248.2	Modiconsecteturtempora.	#D3639E
Modiconsecteturtempora.-23	49.5	94.3	248.1	Modiconsecteturtempora.	#D3639E
Modiconsecteturtempora.-24	11.5	121.4	273.4	Modiconsecteturtempora.	#D3639E
Modiconsecteturtempora.-25	48.6	80.2	224.2	Modiconsecteturtempora.	#D3639E
Modiconsecteturtempora.-26	103.2	66.8	277.6	Modiconsecteturtempora.	#D3639E
Modiconsecteturtempora.-27	72.3	68.3	198.2	Modiconsecteturtempora.	#D3639E
Modiconsecteturtempora.-28	100.0	80.9	145.5	Modiconsecteturtempora.	#D3639E
Modiconsecteturtempora.-29	61.0	95.8	221.7	Modiconsecteturtempora.	#D3639E
Modiconsecteturtempora.-30	117.2	101.0	198.2	Modiconsecteturtempora.	#D3639E
Modiconsecteturtempora.-31	73.7	99.8	281.9	Modiconsecteturtempora.	#D3639E
Modiconsecteturtempora.-32	67.5	99.2	255.1	Modiconsecteturtempora.	#D3639E
Modiconsecteturtempora.-33	78.4	97.6	205.2	Modiconsecteturtempora.	#D3639E
Sitmagnamsed.-0	-259.9	-176.5	-437.8	Sitmagnamsed.	#7FCF76
Sitmagnamsed.-1	-189.1	-187.7	-424.3	Sitmagnamsed.	#7FCF76
Sitmagnamsed.-2	-222.4	-191.7	-414.6	Sitmagnamsed.	#7FCF76
Sitmagnamsed.-3	-253.0	-174.2	-435.2	Sitmagnamsed.	#7FCF76
Sitmagnamsed.-4	-232.6	-189.4	-432.5	Sitmagnamsed.	#7FCF76
Sitmagnamsed.-5	-225.1	-181.7	-441.8	Sitmagnamsed.	#7FCF76
Sitmagnamsed.-6	-268.3	-207.2	-451.1	Sitmagnamsed.	#7FCF76
Sitmagnamsed.-7	-216.1	-174.7	-432.4	Sitmagnamsed.	#7FCF76
Sitmagnamsed.-8	-246.0	-195.9	-452.7	Sitmagnamsed.	#7FCF76
Sitmagnamsed.-9	-272.9	-190.8	-441.0	Sitmagnamsed.	#7FCF76
Sitmagnamsed.-10	-221.4	-187.3	-431.8	Sitmagnamsed.	#7FCF76
Sitmagnamsed.-11	-239.9	-186.8	-461.6	Sitmagnamsed.	#7FCF76
Sitmagnamsed.-12	-258.2	-193.1	-450.3	Sitmagnamsed.	#7FCF76
Sitmagnamsed.-13	-241.9	-177.6	-437.6	Sitmagnamsed.	#7FCF76
Sitmagnamsed.-14	-256.2	-182.3	-444.8	Sitmagnamsed.	#7FCF76
Sitmagnamsed.-15	-199.2	-204.2	-439.4	Sitmagnamsed.	#7FCF76
Sitmagnamsed.-16	-226.2	-156.3	-409.9	Sitmagnamsed.	#7FCF76
Sitmagnamsed.-17	-215.6	-199.2	-445.8	Sitmagnamsed.	#7FCF76
Sitmagnamsed.-18	-251.1	-194.5	-450.8	Sitmagnamsed.	#7FCF76
Sitmagnamsed.-19	-217.0	-197.5	-421.2	Sitmagnamsed.	#7FCF76
Sitmagnamsed.-20	-193.8	-168.4	-447.5	Sitmagnamsed.	#7FCF76
Sitmagnamsed.-21	-246.4	-181.4	-454.1	Sitmagnamsed.	#7FCF76
Sitmagnamsed.-22	-248.9	-163.5	-440.5	Sitmagnamsed.	#7FCF76
Sitmagnamsed.-23	-243.0	-200.4	-425.2	Sitmagnamsed.	#7FCF76
Sitmagnamsed.-24	-209.8	-186.9	-449.6	Sitmagnamsed.	#7FCF76
Sitmagnamsed.-25	-240.2	-187.4	-442.9	Sitmagnamsed.	#7FCF76
Sitmagnamsed.-26	-216.1	-194.8	-437.2	Sitmagnamsed.	#7FCF76
Sitmagnamsed.-27	-206.7	-200.9	-437.1	Sitmagnamsed.	#7FCF76
Sitmagnamsed.-28	-184.6	-205.6	-427.3	Sitmagnamsed.	#7FCF76
Sitmagnamsed.-29	-231.2	-179.7	-435.1	Sitmagnamsed.	#7FCF76
Sitmagnamsed.-30	-255.1	-186.3	-440.6	Sitmagnamsed.	#7FCF76
Sitmagnamsed.-31	-253.6	-190.1	-413.3	Sitmagnamsed.	#7FCF76
Sitmagnamsed.-32	-262.1	-190.5	-428.4	Sitmagnamsed.	#7FCF76
Sitmagnamsed.-33	-251.8	-191.4	-445.8	Sitmagnamsed.	#7FCF76
Sitmagnamsed.-34	-239.6	-189.6	-453.3	Sitmagnamsed.	#7FCF76
Sitmagnamsed.-35	-216.5	-209.1	-442.6	Sitmagnamsed.	#7FCF76
Sitmagnamsed.-36	-257.7	-191.7	-441.4	Sitmagnamsed.	#7FCF76
Sitmagnamsed.-37	-219.5	-219.0	-455.9	Sitmagnamsed.	#7FCF76
Sitmagnamsed.-38	-268.0	-186.0	-447.2	Sitmagnamsed.	#7FCF76
Sitmagnamsed.-39	-234.1	-226.9	-445.3	Sitmagnamsed.	#7FCF76
Sitmagnamsed.-40	-255.0	-193.9	-446.2	Sitmagnamsed.	#7FCF76
Sitmagnamsed.-41	-209.5	-192.7	-431.3	Sitmagnamsed.	#7FCF76
Sitmagnamsed.-42	-266.9	-198.9	-400.5	Sitmagnamsed.	#7FCF76
Sitmagnamsed.-43	-245.1	-194.2	-457.3	Sitmagnamsed.	#7FCF76
Sitmagnamsed.-44	-242.5	-190.2	-452.1	Sitmagnamsed.	#7FCF76
Doloredolore.-0	335.9	54.8	-348.1	Doloredolore.	#1456C4
Doloredolore.-1	346.4	97.3	-336.3	Doloredolore.	#1456C4
Doloredolore.-2	358.8	92.7	-371.1	Doloredolore.	#1456C4
Doloredolore.-3	365.3	26.3	-342.8	Doloredolore.	#1456C4
Doloredolore.-4	358.9	80.4	-339.3	Doloredolore.	#1456C4
Doloredolore.-5	293.9	63.7	-356.7	Doloredolore.	#1456C4
Doloredolore.-6	396.2	101.7	-337.2	Doloredolore.	#1456C4
Doloredolore.-7	361.7	78.8	-338.8	Doloredolore.	#1456C4
Doloredolore.-8	395.3	124.1	-320.4	Doloredolore.	#1456C4
Doloredolore.-9	372.0	51.0	-334.9	Doloredolore.	#1456C4
Doloredolore.-10	396.5	97.3	-315.4	Doloredolore.	#1456C4
Doloredolore.-11	364.4	84.9	-325.5	Doloredolore.	#1456C4
Doloredolore.-12	382.7	70.6	-361.0	Doloredolore.	#1456C4
Doloredolore.-13	353.0	128.5	-325.8	Doloredolore.	#1456C4
Doloredolore.-14	401.5	81.9	-339.7	Doloredolore.	#1456C4
Doloredolore.-15	356.3	94.2	-348.3	Doloredolore.	#1456C4
Doloredolore.-16	423.3	103.8	-322.4	Doloredolore.	#1456C4
Doloredolore.-17	401.9	72.1	-355.5	Doloredolore.	#1456C4
Doloredolore.-18	402.7	76.1	-345.5	Doloredolore.	#1456C4
Doloredolore.-19	373.6	99.8	-338.1	Doloredolore.	#1456C4
Doloredolore.-20	358.3	29.7	-326.2	Doloredolore.	#1456C4
Doloredolore.-21	349.6	67.6	-350.9	Doloredolore.	#1456C4
Doloredolore.-22	329.9	71.9	-317.1	Doloredolore.	#1456C4
Doloredolore.-23	362.3	64.2	-345.5	Doloredolore.	#1456C4
Doloredolore.-24	381.3	93.0	-340.9	Doloredolore.	#1456C4
Doloredolore.-25	368.0	83.6	-346.0	Doloredolore.	#1456C4
Doloredolore.-26	387.7	76.7	-318.5	Doloredolore.	#1456C4
Doloredolore.-27	384.3	75.8	-345.1	Doloredolore.	#1456C4
Doloredolore.-28	403.0	62.6	-335.0	Doloredolore.	#1456C4
Doloredolore.-29	355.2	64.4	-335.1	Doloredolore.	#1456C4
Doloredolore.-30	383.5	101.9	-344.3	Doloredolore.	#1456C4
Doloredolore.-31	363.2	77.5	-327.9	Doloredolore.	#1456C4
Doloredolore.-32	366.0	136.2	-320.8	Doloredolore.	#1456C4
Doloredolore.-33	389.7	62.6	-329.3	Doloredolore.	#1456C4
Doloredolore.-34	385.3	130.5	-359.4	Doloredolore.	#1456C4
Doloredolore.-35	392.0	146.1	-336.6	Doloredolore.	#1456C4
Doloredolore.-36	390.2	74.6	-327.3	Doloredolore.	#1456C4
Doloredolore.-37	371.8	96.4	-333.4	Doloredolore.	#1456C4
Doloredolore.-38	328.4	82.7	-362.8	Doloredolore.	#1456C4
Doloredolore.-39	412.6	81.6	-331.9	Doloredolore.	#1456C4
Doloredolore.-40	326.6	76.7	-342.3	Doloredolore.	#1456C4
Doloredolore.-41	355.1	108.2	-317.7	Doloredolore.	#1456C4
Doloredolore.-42	399.1	61.7	-327.4	Doloredolore.	#1456C4
Quaeratetinciduntporro.-0	-224.3	198.3	138.4	Quaeratetinciduntporro.	#557D38
Quaeratetinciduntporro.-1	-160.4	235.6	156.2	Quaeratetinciduntporro.	#557D38
Quaeratetinciduntporro.-2	-197.5	228.8	112.4	Quaeratetinciduntporro.	#557D38
Quaeratetinciduntporro.-3	-187.8	200.3	140.1	Quaeratetinciduntporro.	#557D38
Quaeratetinciduntporro.-4	-173.9	181.2	126.4	Quaeratetinciduntporro.	#557D38
Quaeratetinciduntporro.-5	-128.0	195.3	82.6	Quaeratetinciduntporro.	#557D38
Quaeratetinciduntporro.-6	-187.5	231.6	151.4	Quaeratetinciduntporro.	#557D38
Quaeratetinciduntporro.-7	-231.7	145.2	117.3	Quaeratetinciduntporro.	#557D38
Quaeratetinciduntporro.-8	-172.8	198.2	138.4	Quaeratetinciduntporro.	#557D38
Quaeratetinciduntporro.-9	-232.9	186.9	103.5	Quaeratetinciduntporro.	#557D38
Quaeratetinciduntporro.-10	-201.8	230.1	146.5	Quaeratetinciduntporro.	#557D38
Quaeratetinciduntporro.-11	-177.0	163.7	94.5	Quaeratetinciduntporro.	#557D38
Quaeratetinciduntporro.-12	-190.9	218.9	125.7	Quaeratetinciduntporro.	#557D38
Quaeratetinciduntporro.-13	-176.7	146.7	172.1	Quaeratetinciduntporro.	#557D38
Quaeratetinciduntporro.-14	-233.9	190.8	141.8	Quaeratetinciduntporro.	#557D38
Quaeratetinciduntporro.-15	-214.3	144.4	85.5	Quaeratetinciduntporro.	#557D38
Quaeratetinciduntporro.-16	-184.5	239.4	105.1	Quaeratetinciduntporro.	#557D38
Quaeratetinciduntporro.-17	-251.1	153.7	144.1	Quaeratetinciduntporro.	#557D38
Quaeratetinciduntporro.-18	-174.0	228.7	105.2	Quaeratetinciduntporro.	#557D38
Quaeratetinciduntporro.-19	-198.3	225.2	89.6	Quaeratetinciduntporro.	#557D38
Quaeratetinciduntporro.-20	-134.6	203.8	120.6	Quaeratetinciduntporro.	#557D38
Quaeratetinciduntporro.-21	-227.0	108.9	95.9	Quaeratetinciduntporro.	#557D38
Quaeratetinciduntporro.-22	-188.5	164.0	134.5	Quaeratetinciduntporro.	#557D38
Quaeratetinciduntporro.-23	-195.1	189.1	164.4	Quaeratetinciduntporro.	#557D38
Dolortemporamodi.-0	-375.4	77.1	-143.3	Dolortemporamodi.	#278AA3
Dolortemporamodi.-1	-359.2	151.6	-107.5	Dolortemporamodi.	#278AA3
Dolortemporamodi.-2	-331.7	110.1	-94.6	Dolortemporamodi.	#278AA3
Dolortemporamodi.-3	-351.9	122.3	-131.1	Dolortemporamodi.	#278AA3
Dolortemporamodi.-4	-334.7	127.0	-105.4	Dolortemporamodi.	#278AA3
Dolortemporamodi.-5	-384.4	65.3	-66.1	Dolortemporamodi.	#278AA3
Dolortemporamodi.-6	-360.7	81.4	-163.3	Dolortemporamodi.	#278AA3
Dolortemporamodi.-7	-353.6	123.2	-83.2	Dolortemporamodi.	#278AA3
Dolortemporamodi.-8	-343.9	87.3	-117.2	Dolortemporamodi.	#278AA3
Dolortemporamodi.-9	-379.1	96.4	-121.6	Dolortemporamodi.	#278AA3
Dolortemporamodi.-10	-328.0	101.8	-116.0	Dolortemporamodi.	#278AA3
Dolortemporamodi.-11	-341.0	78.9	-128.6	Dolortemporamodi.	#278AA3
Dolortemporamodi.-12	-359.4	113.6	-165.7	Dolortemporamodi.	#278AA3
Dolortemporamodi.-13	-353.2	101.3	-125.2	Dolortemporamodi.	#278AA3
Dolortemporamodi.-14	-385.5	54.2	-107.9	Dolortemporamodi.	#278AA3
Dolortemporamodi.-15	-342.5	97.6	-116.0	Dolortemporamodi.	#278AA3
Dolortemporamodi.-16	-337.8	107.8	-142.5	Dolortemporamodi.	#278AA3
Dolortemporamodi.-17	-355.7	148.0	-202.1	Dolortemporamodi.	#278AA3
Dolortemporamodi.-18	-357.4	57.9	-146.2	Dolortemporamodi.	#278AA3
Dolortemporamodi.-19	-338.8	112.5	-131.1	Dolortemporamodi.	#278AA3
Dolortemporamodi.-20	-380.9	79.6	-143.3	Dolortemporamodi.	#278AA3
Dolortemporamodi.-21	-374.4	66.1	-115.3	Dolortemporamodi.	#278AA3
Dolortemporamodi.-22	-366.1	48.4	-116.7	Dolortemporamodi.	#278AA3
Dolortemporamodi.-23	-298.1	82.1	-93.3	Dolortemporamodi.	#278AA3
Dolortemporamodi.-24	-354.3	59.3	-101.4	Dolortemporamodi.	#278AA3
Dolortemporamodi.-25	-353.1	63.9	-146.8	Dolortemporamodi.	#278AA3
Dolortemporamodi.-26	-356.4	71.9	-141.7	Dolortemporamodi.	#278AA3
Dolortemporamodi.-27	-361.0	101.1	-151.5	Dolortemporamodi.	#278AA3
Dolortemporamodi.-28	-352.6	86.6	-147.8	Dolortemporamodi.	#278AA3
Dolortemporamodi.-29	-340.0	66.3	-94.5	Dolortemporamodi.	#278AA3
Consecteturconsectetur.-0	-94.0	-353.3	366.1	Consecteturconsectetur.	#C628D6
Consecteturconsectetur.-1	-51.4	-345.0	353.8	Consecteturconsectetur.	#C628D6
Consecteturconsectetur.-2	-53.1	-355.2	422.2	Consecteturconsectetur.	#C628D6
Consecteturconsectetur.-3	-108.6	-340.8	370.8	Consecteturconsectetur.	#C628D6
Consecteturconsectetur.-4	-76.9	-357.8	368.0	Consecteturconsectetur.	#C628D6
Consecteturconsectetur.-5	-59.3	-380.4	318.6	Consecteturconsectetur.	#C628D6
Consecteturconsectetur.-6	-64.3	-369.8	387.9	Consecteturconsectetur.	#C628D6
Consecteturconsectetur.-7	-48.0	-338.9	393.6	Consecteturconsectetur.	#C628D6
Consecteturconsectetur.-8	-38.4	-348.8	393.9	Consecteturconsectetur.	#C628D6
Consecteturconsectetur.-9	-35.0	-353.0	432.4	Consecteturconsectetur.	#C628D6
Consecteturconsectetur.-10	-26.7	-347.1	325.2	Consecteturconsectetur.	#C628D6
Consecteturconsectetur.-11	-40.2	-345.0	368.2	Consecteturconsectetur.	#C628D6
Consecteturconsectetur.-12	-15.6	-348.2	326.7	Consecteturconsectetur.	#C628D6
Consecteturconsectetur.-13	-55.4	-347.2	404.5	Consecteturconsectetur.	#C628D6
Consecteturconsectetur.-14	-57.8	-347.4	413.4	Consecteturconsectetur.	#C628D6
Consecteturconsectetur.-15	-23.7	-353.3	335.8	Consecteturconsectetur.	#C628D6
Consecteturconsectetur.-16	-97.3	-354.5	350.1	Consecteturconsectetur.	#C628D6
Consecteturconsectetur.-17	-33.3	-368.9	363.3	Consecteturconsectetur.	#C628D6
Consecteturconsectetur.-18	0.6	-342.6	381.3	Consecteturconsectetur.	#C628D6
Consecteturconsectetur.-19	-72.8	-352.5	405.6	Consecteturconsectetur.	#C628D6
Consecteturconsectetur.-20	-63.1	-360.4	320.3	Consecteturconsectetur.	#C628D6
Magnamut.-0	369.1	-145.0	37.1	Magnamut.	#BDCB57
Magnamut.-1	402.0	-151.0	38.7	Magnamut.	#BDCB57
Magnamut.-2	386.0	-163.8	71.2	Magnamut.	#BDCB57
Magnamut.-3	319.4	-151.1	48.9	Magnamut.	#BDCB57
Magnamut.-4	388.3	-107.8	59.9	Magnamut.	#BDCB57
Magnamut.-5	320.2	-173.3	49.2	Magnamut.	#BDCB57
Magnamut.-6	376.2	-171.3	57.1	Magnamut.	#BDCB57
Magnamut.-7	350.3	-144.3	55.1	Magnamut.	#BDCB57
Magnamut.-8	413.3	-119.2	38.6	Magnamut.	#BDCB57
Magnamut.-9	326.3	-129.9	24.7	Magnamut.	#BDCB57
Magnamut.-10	326.5	-115.0	57.3	Magnamut.	#BDCB57
Magnamut.-11	355.6	-132.3	52.7	Magnamut.	#BDCB57
Magnamut.-12	378.6	-140.0	38.6	Magnamut.	#BDCB57
Magnamut.-13	344.5	-140.8	44.9	Magnamut.	#BDCB57
Magnamut.-14	333.5	-131.2	50.4	Magnamut.	#BDCB57
Magnamut.-15	355.2	-155.5	61.9	Magnamut.	#BDCB57
Magnamut.-16	410.2	-133.0	35.0	Magnamut.	#BDCB57
Magnamut.-17	378.0	-158.1	62.1	Magnamut.	#BDCB57
Magnamut.-18	372.4	-134.1	58.0	Magnamut.	#BDCB57
Magnamut.-19	375.3	-138.6	45.1	Magnamut.	#BDCB57
Magnamut.-20	373.7	-146.3	24.6	Magnamut.	#BDCB57
Magnamut.-21	306.8	-156.1	44.1	Magnamut.	#BDCB57
Magnamut.-22	326.8	-153.7	54.7	Magnamut.	#BDCB57
Magnamut.-23	356.9	-136.5	49.0	Magnamut.	#BDCB57
Magnamut.-24	410.0	-148.8	52.9	Magnamut.	#BDCB57
Magnamut.-25	372.7	-135.9	48.1	Magnamut.	#BDCB57
Magnamut.-26	325.0	-158.7	56.2	Magnamut.	#BDCB57
Magnamut.-27	345.3	-141.1	36.9	Magnamut.	#BDCB57
Magnamut.-28	333.4	-123.3	57.4	Magnamut.	#BDCB57
Magnamut.-29	309.1	-144.4	71.0	Magnamut.	#BDCB57
Magnamut.-30	414.3	-149.7	47.8	Magnamut.	#BDCB57
Magnamut.-31	377.7	-142.7	34.7	Magnamut.	#BDCB57
Magnamut.-32	339.8	-143.6	36.3	Magnamut.	#BDCB57
Magnamut.-33	395.1	-131.2	59.5	Magnamut.	#BDCB57
Magnamut.-34	371.9	-145.4	42.5	Magnamut.	#BDCB57
Magnamut.-35	391.0	-150.2	38.3	Magnamut.	#BDCB57
Magnamut.-36	355.2	-112.9	64.8	Magnamut.	#BDCB57
Magnamut.-37	276.7	-164.7	30.7	Magnamut.	#BDCB57
Magnamut.-38	354.8	-141.2	27.5	Magnamut.	#BDCB57
Magnamut.-39	330.4	-118.8	46.9	Magnamut.	#BDCB57
Magnamut.-40	369.0	-116.6	57.8	Magnamut.	#BDCB57
Magnamut.-41	326.6	-133.7	42.3	Magnamut.	#BDCB57
Magnamut.-42	337.8	-138.0	43.4	Magnamut.	#BDCB57
Magnamut.-43	363.9	-156.0	70.2	Magnamut.	#BDCB57
Magnamut.-44	371.1	-120.7	42.4	Magnamut.	#BDCB57
Magnamut.-45	418.5	-141.8	34.4	Magnamut.	#BDCB57
Magnamut.-46	355.4	-151.8	76.3	Magnamut.	#BDCB57
Magnamut.-47	329.2	-130.3	53.6	Magnamut.	#BDCB57
Magnamut.-48	402.2	-158.1	41.9	Magnamut.	#BDCB57
